[{"model": "admin.logentry", "pk": 1, "fields": {"action_time": "2023-02-02T19:30:24.591Z", "user": 1, "content_type": 8, "object_id": "1", "object_repr": "CandidateListForbidden object (1)", "action_flag": 3, "change_message": ""}}, {"model": "admin.logentry", "pk": 2, "fields": {"action_time": "2023-02-06T10:05:08.784Z", "user": 1, "content_type": 7, "object_id": "topic_health_body_no_sport_erotics-eng", "object_repr": "topic_health_body_no_sport_erotics-eng", "action_flag": 2, "change_message": "[{\"changed\": {\"fields\": [\"Type\"]}}]"}}, {"model": "admin.logentry", "pk": 3, "fields": {"action_time": "2023-02-06T10:06:02.788Z", "user": 1, "content_type": 7, "object_id": "topic_health_body_no_sport_erotics-eng", "object_repr": "topic_health_body_no_sport_erotics-eng", "action_flag": 2, "change_message": "[{\"changed\": {\"fields\": [\"Type\"]}}]"}}, {"model": "admin.logentry", "pk": 4, "fields": {"action_time": "2023-02-06T10:29:00.259Z", "user": 1, "content_type": 11, "object_id": "3", "object_repr": "Alle brugere", "action_flag": 3, "change_message": ""}}, {"model": "admin.logentry", "pk": 5, "fields": {"action_time": "2023-02-06T10:29:27.588Z", "user": 1, "content_type": 9, "object_id": "1", "object_repr": "simple-cosine-article-similarity---None", "action_flag": 3, "change_message": ""}}, {"model": "auth.permission", "pk": 1, "fields": {"name": "Can add log entry", "content_type": 1, "codename": "add_logentry"}}, {"model": "auth.permission", "pk": 2, "fields": {"name": "Can change log entry", "content_type": 1, "codename": "change_logentry"}}, {"model": "auth.permission", "pk": 3, "fields": {"name": "Can delete log entry", "content_type": 1, "codename": "delete_logentry"}}, {"model": "auth.permission", "pk": 4, "fields": {"name": "Can view log entry", "content_type": 1, "codename": "view_logentry"}}, {"model": "auth.permission", "pk": 5, "fields": {"name": "Can add permission", "content_type": 2, "codename": "add_permission"}}, {"model": "auth.permission", "pk": 6, "fields": {"name": "Can change permission", "content_type": 2, "codename": "change_permission"}}, {"model": "auth.permission", "pk": 7, "fields": {"name": "Can delete permission", "content_type": 2, "codename": "delete_permission"}}, {"model": "auth.permission", "pk": 8, "fields": {"name": "Can view permission", "content_type": 2, "codename": "view_permission"}}, {"model": "auth.permission", "pk": 9, "fields": {"name": "Can add group", "content_type": 3, "codename": "add_group"}}, {"model": "auth.permission", "pk": 10, "fields": {"name": "Can change group", "content_type": 3, "codename": "change_group"}}, {"model": "auth.permission", "pk": 11, "fields": {"name": "Can delete group", "content_type": 3, "codename": "delete_group"}}, {"model": "auth.permission", "pk": 12, "fields": {"name": "Can view group", "content_type": 3, "codename": "view_group"}}, {"model": "auth.permission", "pk": 13, "fields": {"name": "Can add user", "content_type": 4, "codename": "add_user"}}, {"model": "auth.permission", "pk": 14, "fields": {"name": "Can change user", "content_type": 4, "codename": "change_user"}}, {"model": "auth.permission", "pk": 15, "fields": {"name": "Can delete user", "content_type": 4, "codename": "delete_user"}}, {"model": "auth.permission", "pk": 16, "fields": {"name": "Can view user", "content_type": 4, "codename": "view_user"}}, {"model": "auth.permission", "pk": 17, "fields": {"name": "Can add content type", "content_type": 5, "codename": "add_contenttype"}}, {"model": "auth.permission", "pk": 18, "fields": {"name": "Can change content type", "content_type": 5, "codename": "change_contenttype"}}, {"model": "auth.permission", "pk": 19, "fields": {"name": "Can delete content type", "content_type": 5, "codename": "delete_contenttype"}}, {"model": "auth.permission", "pk": 20, "fields": {"name": "Can view content type", "content_type": 5, "codename": "view_contenttype"}}, {"model": "auth.permission", "pk": 21, "fields": {"name": "Can add session", "content_type": 6, "codename": "add_session"}}, {"model": "auth.permission", "pk": 22, "fields": {"name": "Can change session", "content_type": 6, "codename": "change_session"}}, {"model": "auth.permission", "pk": 23, "fields": {"name": "Can delete session", "content_type": 6, "codename": "delete_session"}}, {"model": "auth.permission", "pk": 24, "fields": {"name": "Can view session", "content_type": 6, "codename": "view_session"}}, {"model": "auth.permission", "pk": 25, "fields": {"name": "Can add candidate list", "content_type": 7, "codename": "add_candidatelist"}}, {"model": "auth.permission", "pk": 26, "fields": {"name": "Can change candidate list", "content_type": 7, "codename": "change_candidatelist"}}, {"model": "auth.permission", "pk": 27, "fields": {"name": "Can delete candidate list", "content_type": 7, "codename": "delete_candidatelist"}}, {"model": "auth.permission", "pk": 28, "fields": {"name": "Can view candidate list", "content_type": 7, "codename": "view_candidatelist"}}, {"model": "auth.permission", "pk": 29, "fields": {"name": "Can add candidate list forbidden", "content_type": 8, "codename": "add_candidatelistforbidden"}}, {"model": "auth.permission", "pk": 30, "fields": {"name": "Can change candidate list forbidden", "content_type": 8, "codename": "change_candidatelistforbidden"}}, {"model": "auth.permission", "pk": 31, "fields": {"name": "Can delete candidate list forbidden", "content_type": 8, "codename": "delete_candidatelistforbidden"}}, {"model": "auth.permission", "pk": 32, "fields": {"name": "Can view candidate list forbidden", "content_type": 8, "codename": "view_candidatelistforbidden"}}, {"model": "auth.permission", "pk": 33, "fields": {"name": "Can add model definition", "content_type": 9, "codename": "add_modeldefinition"}}, {"model": "auth.permission", "pk": 34, "fields": {"name": "Can change model definition", "content_type": 9, "codename": "change_modeldefinition"}}, {"model": "auth.permission", "pk": 35, "fields": {"name": "Can delete model definition", "content_type": 9, "codename": "delete_modeldefinition"}}, {"model": "auth.permission", "pk": 36, "fields": {"name": "Can view model definition", "content_type": 9, "codename": "view_modeldefinition"}}, {"model": "auth.permission", "pk": 37, "fields": {"name": "Can add model service", "content_type": 10, "codename": "add_modelservice"}}, {"model": "auth.permission", "pk": 38, "fields": {"name": "Can change model service", "content_type": 10, "codename": "change_modelservice"}}, {"model": "auth.permission", "pk": 39, "fields": {"name": "Can delete model service", "content_type": 10, "codename": "delete_modelservice"}}, {"model": "auth.permission", "pk": 40, "fields": {"name": "Can view model service", "content_type": 10, "codename": "view_modelservice"}}, {"model": "auth.permission", "pk": 41, "fields": {"name": "Can add segment match", "content_type": 11, "codename": "add_segmentmatch"}}, {"model": "auth.permission", "pk": 42, "fields": {"name": "Can change segment match", "content_type": 11, "codename": "change_segmentmatch"}}, {"model": "auth.permission", "pk": 43, "fields": {"name": "Can delete segment match", "content_type": 11, "codename": "delete_segmentmatch"}}, {"model": "auth.permission", "pk": 44, "fields": {"name": "Can view segment match", "content_type": 11, "codename": "view_segmentmatch"}}, {"model": "auth.permission", "pk": 45, "fields": {"name": "Can add recommender version", "content_type": 12, "codename": "add_recommenderversion"}}, {"model": "auth.permission", "pk": 46, "fields": {"name": "Can change recommender version", "content_type": 12, "codename": "change_recommenderversion"}}, {"model": "auth.permission", "pk": 47, "fields": {"name": "Can delete recommender version", "content_type": 12, "codename": "delete_recommenderversion"}}, {"model": "auth.permission", "pk": 48, "fields": {"name": "Can view recommender version", "content_type": 12, "codename": "view_recommenderversion"}}, {"model": "auth.user", "pk": 1, "fields": {"password": "pbkdf2_sha256$390000$WXmYFZuNeosLyDGJwQOScn$ZjhhDic1kL1S+OgV6oxBXKQKUb5m3ty7aDuWi8mpTy0=", "last_login": "2023-02-28T11:40:03.187Z", "is_superuser": true, "username": "admin", "first_name": "", "last_name": "", "email": "", "is_staff": true, "is_active": true, "date_joined": "2023-02-02T06:06:18.362Z", "groups": [], "user_permissions": []}}, {"model": "contenttypes.contenttype", "pk": 1, "fields": {"app_label": "admin", "model": "logentry"}}, {"model": "contenttypes.contenttype", "pk": 2, "fields": {"app_label": "auth", "model": "permission"}}, {"model": "contenttypes.contenttype", "pk": 3, "fields": {"app_label": "auth", "model": "group"}}, {"model": "contenttypes.contenttype", "pk": 4, "fields": {"app_label": "auth", "model": "user"}}, {"model": "contenttypes.contenttype", "pk": 5, "fields": {"app_label": "contenttypes", "model": "contenttype"}}, {"model": "contenttypes.contenttype", "pk": 6, "fields": {"app_label": "sessions", "model": "session"}}, {"model": "contenttypes.contenttype", "pk": 7, "fields": {"app_label": "recsys_config", "model": "candidatelist"}}, {"model": "contenttypes.contenttype", "pk": 8, "fields": {"app_label": "recsys_config", "model": "candidatelistforbidden"}}, {"model": "contenttypes.contenttype", "pk": 9, "fields": {"app_label": "recsys_config", "model": "modeldefinition"}}, {"model": "contenttypes.contenttype", "pk": 10, "fields": {"app_label": "recsys_config", "model": "modelservice"}}, {"model": "contenttypes.contenttype", "pk": 11, "fields": {"app_label": "recsys_config", "model": "segmentmatch"}}, {"model": "contenttypes.contenttype", "pk": 12, "fields": {"app_label": "recsys_config", "model": "recommenderversion"}}, {"model": "sessions.session", "pk": "3k42cc4mjqvd7z75wb0nqqcl0off1rxd", "fields": {"session_data": ".eJxVjMsOwiAQRf-FtSG8Cy7d-w1khkGpGkhKuzL-uzTpQrfnnHvfLMK2lrj1vMSZ2JlJdvplCOmZ6y7oAfXeeGp1XWbke8IP2_m1UX5djvbvoEAvY403LfSEnsAY0sFZJeSUvIBEhoaUaNzgStsQtAnCBnQ-A2JOCkgk9vkC2bw39w:1pWyKx:zKxo31LavHPbfBtXXIbNCMoX0XxNbnJQhvbv-JuznHo", "expire_date": "2023-03-14T11:40:03.190Z"}}, {"model": "sessions.session", "pk": "c2knv1ovlfpmkcjikh1xxkszihy8c82j", "fields": {"session_data": ".eJxVjMsOwiAQRf-FtSG8Cy7d-w1khkGpGkhKuzL-uzTpQrfnnHvfLMK2lrj1vMSZ2JlJdvplCOmZ6y7oAfXeeGp1XWbke8IP2_m1UX5djvbvoEAvY403LfSEnsAY0sFZJeSUvIBEhoaUaNzgStsQtAnCBnQ-A2JOCkgk9vkC2bw39w:1pNfHh:JHxWAIUDOEUtndvGgsvpm3xsuY6tLurpan4cB5VZbFM", "expire_date": "2023-02-16T19:30:13.262Z"}}, {"model": "recsys_config.candidatelistforbidden", "pk": 11, "fields": {"articles": "[]", "max_rate": 0.0}}, {"model": "recsys_config.candidatelistforbidden", "pk": 12, "fields": {"articles": "[]", "max_rate": 0.0}}, {"model": "recsys_config.candidatelistforbidden", "pk": 13, "fields": {"articles": "[]", "max_rate": 0.0}}, {"model": "recsys_config.candidatelistforbidden", "pk": 14, "fields": {"articles": "[]", "max_rate": 0.0}}, {"model": "recsys_config.candidatelistforbidden", "pk": 15, "fields": {"articles": "[]", "max_rate": 0.0}}, {"model": "recsys_config.candidatelistforbidden", "pk": 16, "fields": {"articles": "[]", "max_rate": 0.0}}, {"model": "recsys_config.candidatelistforbidden", "pk": 17, "fields": {"articles": "[]", "max_rate": 0.0}}, {"model": "recsys_config.candidatelistforbidden", "pk": 18, "fields": {"articles": "[]", "max_rate": 0.0}}, {"model": "recsys_config.candidatelistforbidden", "pk": 19, "fields": {"articles": "[]", "max_rate": 0.0}}, {"model": "recsys_config.candidatelistforbidden", "pk": 20, "fields": {"articles": "[]", "max_rate": 0.0}}, {"model": "recsys_config.candidatelistforbidden", "pk": 21, "fields": {"articles": "[]", "max_rate": 0.0}}, {"model": "recsys_config.candidatelistforbidden", "pk": 22, "fields": {"articles": "[]", "max_rate": 0.0}}, {"model": "recsys_config.candidatelistforbidden", "pk": 23, "fields": {"articles": "[]", "max_rate": 0.0}}, {"model": "recsys_config.candidatelistforbidden", "pk": 24, "fields": {"articles": "[]", "max_rate": 0.0}}, {"model": "recsys_config.candidatelistforbidden", "pk": 25, "fields": {"articles": "[]", "max_rate": 0.0}}, {"model": "recsys_config.candidatelistforbidden", "pk": 26, "fields": {"articles": "[]", "max_rate": 0.0}}, {"model": "recsys_config.candidatelistforbidden", "pk": 27, "fields": {"articles": "[]", "max_rate": 0.0}}, {"model": "recsys_config.candidatelistforbidden", "pk": 28, "fields": {"articles": "[]", "max_rate": 0.0}}, {"model": "recsys_config.candidatelistforbidden", "pk": 29, "fields": {"articles": "[\"9317050\", \"9396917\", \"9522697\", \"9543462\", \"6865899\", \"9531758\", \"9482555\", \"9497998\", \"9428994\", \"9084355\", \"9193263\", \"9364071\", \"9550293\", \"9483905\", \"9464911\", \"9472596\", \"9449226\", \"9055748\", \"9488931\", \"9500123\", \"5345489\", \"8604053\", \"9295693\", \"9467983\", \"9428643\", \"8409193\", \"9376012\", \"9330424\", \"9538375\", \"9489354\", \"9514481\", \"7695717\", \"9482585\", \"9279128\", \"9428704\", \"9145316\", \"9417444\", \"8671597\", \"9310988\", \"8007684\", \"9514908\", \"9566287\", \"9052390\", \"9053759\", \"8004871\", \"6956110\", \"9551819\", \"9317048\", \"9056789\", \"9270155\", \"7401312\", \"9156385\", \"9356137\", \"9584263\", \"9363997\", \"9385951\", \"9010422\", \"8022352\", \"8518266\", \"9559689\", \"9458912\", \"9394753\", \"9472571\", \"9447001\", \"9287678\", \"8164080\", \"9191926\", \"9575287\", \"8315213\", \"8054212\", \"8763010\", \"9062150\", \"9385876\", \"7787495\", \"9287091\", \"9569618\", \"8660008\", \"9268234\", \"9385902\", \"9446592\", \"9203901\", \"9176912\", \"9175145\", \"9440530\", \"8651577\", \"9398935\", \"9287448\", \"9276361\", \"9531699\", \"9573897\", \"9295706\", \"9565788\", \"9302120\", \"6690496\", \"6141222\", \"9485944\", \"9455602\", \"9544385\", \"9102576\", \"9464880\", \"9494556\", \"9240302\", \"7831952\", \"7989055\", \"9364014\", \"9203920\", \"9322058\", \"9559619\", \"9522517\", \"9037169\", \"9336894\", \"9417521\", \"9424134\", \"9220931\", \"6965775\", \"9364115\", \"9299282\", \"7184889\", \"9542957\", \"4757472\", \"9210615\", \"9566489\", \"9531060\", \"7213923\", \"9568274\", \"9331643\", \"9220683\", \"9482380\", \"9463833\", \"9494319\", \"9251637\", \"9573677\", \"9531896\", \"9327777\", \"9531110\", \"9498083\", \"8357743\", \"9566306\", \"9055548\", \"9110062\", \"9514620\", \"9554599\", \"9543232\", \"9322996\", \"9558942\", \"9363981\", \"7594265\", \"8002737\", \"9362143\", \"9445412\", \"9210272\", \"9402726\", \"9210441\", \"9384441\", \"9203696\", \"9508360\", \"9532754\", \"9509305\", \"9127115\", \"8089512\", \"9470084\", \"9549465\", \"9420172\", \"9533067\", \"8994831\", \"9052378\", \"5824120\", \"8018380\", \"8729763\", \"9455674\", \"9487954\", \"9464962\", \"9477361\", \"9482487\", \"9517146\", \"6937678\"]", "max_rate": 0.25}}, {"model": "recsys_config.candidatelistforbidden", "pk": 30, "fields": {"articles": "[]", "max_rate": 0.0}}, {"model": "recsys_config.candidatelistforbidden", "pk": 31, "fields": {"articles": "[]", "max_rate": 0.0}}, {"model": "recsys_config.candidatelistforbidden", "pk": 32, "fields": {"articles": "[]", "max_rate": 0.0}}, {"model": "recsys_config.candidatelistforbidden", "pk": 33, "fields": {"articles": "[]", "max_rate": 0.0}}, {"model": "recsys_config.candidatelistforbidden", "pk": 34, "fields": {"articles": "[]", "max_rate": 0.0}}, {"model": "recsys_config.candidatelistforbidden", "pk": 35, "fields": {"articles": "[]", "max_rate": 0.0}}, {"model": "recsys_config.candidatelistforbidden", "pk": 36, "fields": {"articles": "[]", "max_rate": 0.0}}, {"model": "recsys_config.candidatelist", "pk": "latest-plus-and-mpop-latest-all", "fields": {"type": "engage", "cid": "recsys_mixed_premium_and_non_premium", "articles": "[]", "shuffle": false, "forbidden": 14}}, {"model": "recsys_config.candidatelist", "pk": "manual-ids-dina-ricki", "fields": {"type": "static", "cid": null, "articles": "[\"9317050\", \"9396917\", \"9522697\", \"9543462\", \"6865899\", \"9531758\", \"9482555\", \"9497998\", \"9428994\", \"9084355\", \"9193263\", \"9364071\", \"9550293\", \"9483905\", \"9464911\", \"9472596\", \"9449226\", \"9055748\", \"9488931\", \"9500123\", \"5345489\", \"8604053\", \"9295693\", \"9467983\", \"9428643\", \"8409193\", \"9376012\", \"9330424\", \"9538375\", \"9489354\", \"9514481\", \"7695717\", \"9482585\", \"9279128\", \"9428704\", \"9145316\", \"9417444\", \"8671597\", \"9310988\", \"8007684\", \"9514908\", \"9566287\", \"9052390\", \"9053759\", \"8004871\", \"6956110\", \"9551819\", \"9317048\", \"9056789\", \"9270155\", \"7401312\", \"9156385\", \"9356137\", \"9584263\", \"9363997\", \"9385951\", \"9010422\", \"8022352\", \"8518266\", \"9559689\", \"9458912\", \"9394753\", \"9472571\", \"9447001\", \"9287678\", \"8164080\", \"9191926\", \"9575287\", \"8315213\", \"8054212\", \"8763010\", \"9062150\", \"9385876\", \"7787495\", \"9287091\", \"9569618\", \"8660008\", \"9268234\", \"9385902\", \"9446592\", \"9203901\", \"9176912\", \"9175145\", \"9440530\", \"8651577\", \"9398935\", \"9287448\", \"9276361\", \"9531699\", \"9573897\", \"9295706\", \"9565788\", \"9302120\", \"6690496\", \"6141222\", \"9485944\", \"9455602\", \"9544385\", \"9102576\", \"9464880\", \"9494556\", \"9240302\", \"7831952\", \"7989055\", \"9364014\", \"9203920\", \"9322058\", \"9559619\", \"9522517\", \"9037169\", \"9336894\", \"9417521\", \"9424134\", \"9220931\", \"6965775\", \"9364115\", \"9299282\", \"7184889\", \"9542957\", \"4757472\", \"9210615\", \"9566489\", \"9531060\", \"7213923\", \"9568274\", \"9331643\", \"9220683\", \"9482380\", \"9463833\", \"9494319\", \"9251637\", \"9573677\", \"9531896\", \"9327777\", \"9531110\", \"9498083\", \"8357743\", \"9566306\", \"9055548\", \"9110062\", \"9514620\", \"9554599\", \"9543232\", \"9322996\", \"9558942\", \"9363981\", \"7594265\", \"8002737\", \"9362143\", \"9445412\", \"9210272\", \"9402726\", \"9210441\", \"9384441\", \"9203696\", \"9508360\", \"9532754\", \"9509305\", \"9127115\", \"8089512\", \"9470084\", \"9549465\", \"9420172\", \"9533067\", \"8994831\", \"9052378\", \"5824120\", \"8018380\", \"8729763\", \"9455674\", \"9487954\", \"9464962\", \"9477361\", \"9482487\", \"9517146\", \"6937678\", \"5534630\", \"9547613\", \"9300219\", \"9534989\", \"9168809\", \"9395179\", \"6739176\", \"9511021\", \"8362652\", \"9492468\", \"9203815\", \"9440568\", \"5986757\", \"9116226\", \"8355195\", \"9513405\", \"9311516\", \"9425346\", \"9020938\", \"9312949\", \"9492611\", \"9465881\", \"9455386\", \"9540802\", \"9400164\", \"9111840\", \"9574137\", \"8543881\", \"9487729\", \"9531720\", \"9482394\", \"9459136\", \"9462424\", \"6842758\", \"9370125\", \"9516530\", \"9380293\", \"9425260\", \"9514605\", \"9496454\", \"9462726\", \"9162402\", \"9454291\", \"9506708\", \"9528571\", \"9527217\", \"7865155\", \"9270363\", \"9248053\", \"9277339\", \"9423273\", \"9552522\", \"9427647\", \"9522892\", \"9564613\", \"9566590\", \"8362617\", \"7249295\", \"6959633\", \"9516027\", \"8859923\", \"9453912\", \"9418107\", \"9467780\", \"9566461\", \"8553815\", \"9272413\", \"9498153\", \"9540860\", \"9459305\", \"9547869\", \"9492493\", \"9557348\", \"9436238\", \"8401979\", \"7190828\", \"9275787\", \"8169191\", \"8084952\", \"9479141\", \"6952016\", \"9539706\", \"7300605\", \"9486244\", \"9483777\", \"9487873\", \"9542727\", \"7306652\", \"9525523\", \"9226010\", \"9569756\", \"9552120\", \"9548866\", \"9186608\", \"9120051\", \"9077650\", \"9553264\", \"9565801\", \"9474230\", \"9496538\", \"9459174\", \"8540672\", \"9523718\", \"9474355\", \"9533957\", \"9268227\", \"9443447\", \"8494663\", \"9320810\", \"6366209\", \"9558888\", \"9019947\", \"9573758\", \"9396660\", \"9509654\", \"9469742\", \"8882254\", \"8416073\", \"9532638\", \"9440128\", \"4918926\", \"9472149\", \"7327457\", \"9440508\", \"9544875\", \"9520239\", \"9506514\", \"9486486\", \"9036641\", \"9430567\", \"9458875\", \"9575236\", \"6741781\", \"9424655\", \"9577133\", \"9202083\", \"9539870\", \"9559425\", \"9551285\", \"7157432\", \"8518990\", \"9052240\", \"9503296\", \"6571460\", \"9141328\", \"9061821\", \"9539855\", \"9512983\", \"9115412\", \"9577040\", \"9080070\", \"9168144\", \"9518688\", \"9345280\", \"9394757\", \"8514670\", \"9483850\", \"9376521\", \"9099237\", \"9537767\", \"8916320\", \"9558542\", \"9521404\", \"9504043\", \"9540165\", \"9466087\", \"9533200\", \"9486351\", \"9513775\", \"9378062\", \"9230405\", \"8899539\", \"9534294\", \"9486331\", \"9394654\", \"6965802\", \"9200460\", \"9469825\", \"8934043\", \"9553271\", \"9261043\", \"9556575\", \"9488798\", \"9476171\", \"9279095\", \"9534519\", \"9035611\", \"9145448\", \"9526715\", \"9535178\", \"8887108\", \"9452396\", \"9504891\", \"9150834\", \"9458953\", \"9489452\", \"9534036\", \"9563703\", \"9517108\", \"7454944\", \"9317172\", \"9389737\", \"8918299\", \"9356238\", \"9508433\", \"9357957\", \"9473013\", \"9181774\", \"9553468\", \"9509229\", \"9496008\", \"9525589\", \"9454092\", \"9557998\", \"9500505\", \"9559980\", \"9176353\", \"9518664\", \"9529562\", \"9374411\", \"9581302\", \"9583217\", \"9353420\", \"9532831\", \"9391394\", \"9435832\", \"9448302\", \"9540082\", \"9550308\", \"9508573\", \"9412651\", \"9492619\", \"9546515\", \"9575295\", \"9505105\", \"9349097\", \"9089120\", \"9494650\", \"8632085\", \"9482970\", \"9581248\", \"9462356\", \"9551038\", \"9503957\", \"9452425\", \"9465953\", \"9582969\", \"9483314\", \"9408569\", \"8558684\", \"9520286\", \"9535187\", \"9510890\", \"9460933\", \"9514727\", \"9582396\", \"9510857\", \"9121540\", \"9504105\", \"9432425\", \"9102610\", \"9384497\", \"9423230\", \"9474700\", \"9462935\", \"9498042\", \"9458293\", \"8496358\", \"9412437\", \"9569934\", \"9272340\", \"9540800\", \"9054709\", \"9317109\", \"9475956\", \"9448096\", \"9560354\", \"9440043\", \"9435888\", \"9463919\", \"9487684\", \"9097165\", \"9539739\", \"9559366\", \"9473058\", \"9531174\", \"9552181\", \"8396520\", \"7783361\", \"9513182\", \"9582616\", \"9486080\", \"9478032\", \"9327541\", \"9488213\", \"9505214\", \"9555457\", \"9142581\", \"9161892\", \"9386632\", \"9482791\", \"9466422\", \"9465644\", \"9277736\", \"9530940\", \"9493113\", \"9531745\", \"9561842\", \"9010500\", \"9417621\", \"9547569\", \"9505057\", \"8952833\", \"8912725\", \"9462844\", \"8996121\", \"9455566\", \"9301117\", \"9566544\", \"9542988\", \"7310404\", \"9453867\", \"9506462\", \"9506503\", \"9527358\", \"9283690\", \"9346664\", \"9578297\", \"9485931\", \"8586192\", \"9436758\", \"9573936\", \"9464586\", \"9142564\", \"9576570\", \"9432542\", \"9557226\", \"9572600\", \"8067162\", \"9219607\", \"9484153\", \"9366571\", \"9407452\", \"9487749\", \"9566345\", \"9465810\", \"9475456\", \"9474763\", \"9518125\", \"9526759\", \"9492777\", \"9518647\", \"9542734\", \"9539854\", \"9549743\", \"9526644\", \"9281193\", \"9499738\", \"9558040\", \"9549390\", \"9241111\", \"9407487\", \"9446756\", \"9560162\", \"9470132\", \"9551777\", \"9135506\", \"9527795\", \"9426600\", \"9527246\", \"9503501\", \"9407446\", \"9491370\", \"9496459\", \"9503500\", \"9529776\", \"9542863\", \"9518666\", \"9500202\", \"9470078\", \"8067106\", \"9508202\", \"9150716\", \"9282945\", \"9516001\", \"9512930\", \"9532879\", \"7723736\", \"9573996\", \"9515094\", \"8885999\", \"8560195\", \"9561382\", \"9515921\", \"9538004\", \"9544463\", \"9539852\", \"9465878\", \"7629829\", \"7851321\", \"8380569\", \"9082735\", \"9488208\", \"9020783\", \"9477823\", \"9573616\", \"9486543\", \"9559219\", \"9488259\", \"9553192\", \"9440347\", \"9489015\", \"9494434\", \"9574023\", \"9521552\", \"9550541\", \"8422665\", \"9572657\", \"7148020\", \"9521144\", \"9550399\", \"9551172\", \"9446687\", \"9204368\", \"9494338\", \"9523645\", \"9130902\", \"9486554\", \"9440688\", \"9508223\"]", "shuffle": true, "forbidden": 29}}, {"model": "recsys_config.candidatelist", "pk": "most-popular-24h", "fields": {"type": "engage", "cid": "most_read_last_24_hours", "articles": "[]", "shuffle": false, "forbidden": 12}}, {"model": "recsys_config.candidatelist", "pk": "most_read_30_days_premium_by_sections_118_2731", "fields": {"type": "engage", "cid": "most_read_30_days_premium_by_sections_118_2731", "articles": "[]", "shuffle": false, "forbidden": 27}}, {"model": "recsys_config.candidatelist", "pk": "most_read_30_days_premium_by_sections_140", "fields": {"type": "engage", "cid": "most_read_30_days_premium_by_sections_140", "articles": "[]", "shuffle": false, "forbidden": 24}}, {"model": "recsys_config.candidatelist", "pk": "most_read_30_days_premium_by_sections_142", "fields": {"type": "engage", "cid": "most_read_30_days_premium_by_sections_142", "articles": "[]", "shuffle": false, "forbidden": 25}}, {"model": "recsys_config.candidatelist", "pk": "most_read_30_days_premium_by_sections_414_498", "fields": {"type": "engage", "cid": "most_read_30_days_premium_by_sections_414_498", "articles": "[]", "shuffle": false, "forbidden": 28}}, {"model": "recsys_config.candidatelist", "pk": "most_read_30_days_premium_by_sections_457_539_529", "fields": {"type": "engage", "cid": "most_read_30_days_premium_by_sections_457_539_529", "articles": "[]", "shuffle": false, "forbidden": 26}}, {"model": "recsys_config.candidatelist", "pk": "most_read_30_days_premium_by_sections_565", "fields": {"type": "engage", "cid": "most_read_30_days_premium_by_sections_565", "articles": "[]", "shuffle": false, "forbidden": 23}}, {"model": "recsys_config.candidatelist", "pk": "mpop-latest-all", "fields": {"type": "engage", "cid": "recsys_most_read_7_days_all_sections", "articles": "[]", "shuffle": false, "forbidden": 16}}, {"model": "recsys_config.candidatelist", "pk": "plus-benchmark", "fields": {"type": "engage", "cid": "recsys_highest_selling_all_100_7_days_sections_0", "articles": "[]", "shuffle": false, "forbidden": 13}}, {"model": "recsys_config.candidatelist", "pk": "PLUS-Best_sell_30", "fields": {"type": "engage", "cid": "most_sold_30_days", "articles": "[]", "shuffle": false, "forbidden": 19}}, {"model": "recsys_config.candidatelist", "pk": "PLUS-Best_sell_30-shuffled", "fields": {"type": "engage", "cid": "most_sold_30_days_random", "articles": "[]", "shuffle": false, "forbidden": 22}}, {"model": "recsys_config.candidatelist", "pk": "PLUS-Best_sell_7", "fields": {"type": "engage", "cid": "most_sold_7_days", "articles": "[]", "shuffle": false, "forbidden": 20}}, {"model": "recsys_config.candidatelist", "pk": "plus-candidatelist", "fields": {"type": "engage", "cid": "recsys_latest_published_premium", "articles": "[]", "shuffle": false, "forbidden": 15}}, {"model": "recsys_config.candidatelist", "pk": "PLUS-Most_read_30", "fields": {"type": "engage", "cid": "most_read_plus_30_days", "articles": "[]", "shuffle": false, "forbidden": 18}}, {"model": "recsys_config.candidatelist", "pk": "PLUS-Most_read_7", "fields": {"type": "engage", "cid": "most_read_plus_7_days", "articles": "[]", "shuffle": false, "forbidden": 17}}, {"model": "recsys_config.candidatelist", "pk": "PLUS-New_content_KrimIngenSamliv", "fields": {"type": "engage", "cid": "most_recent_premium_krim_ingen_adgang_erotik", "articles": "[]", "shuffle": false, "forbidden": 21}}, {"model": "recsys_config.candidatelist", "pk": "recsys_bag_om_politik", "fields": {"type": "engage", "cid": "recsys_bag_om_politik", "articles": "[]", "shuffle": false, "forbidden": 34}}, {"model": "recsys_config.candidatelist", "pk": "recsys_candidates_position_1_2_5_b", "fields": {"type": "engage", "cid": "recsys_candidates_position_1_2_5_b", "articles": "[]", "shuffle": false, "forbidden": 31}}, {"model": "recsys_config.candidatelist", "pk": "recsys_candidates_position_1_2_a", "fields": {"type": "engage", "cid": "recsys_candidates_position_1_2_a", "articles": "[]", "shuffle": false, "forbidden": 30}}, {"model": "recsys_config.candidatelist", "pk": "recsys_candidates_position_6_a", "fields": {"type": "engage", "cid": "recsys_candidates_position_6_a", "articles": "[]", "shuffle": false, "forbidden": 32}}, {"model": "recsys_config.candidatelist", "pk": "recsys_candidates_position_6_b", "fields": {"type": "engage", "cid": "recsys_candidates_position_6_b", "articles": "[]", "shuffle": false, "forbidden": 33}}, {"model": "recsys_config.candidatelist", "pk": "topic_health_body_no_sport_erotics-eng", "fields": {"type": "engage", "cid": "topic_health_body_no_sport_erotics-eng", "articles": "[]", "shuffle": false, "forbidden": 35}}, {"model": "recsys_config.candidatelist", "pk": "topic_krim_conversion_shuffled-eng", "fields": {"type": "engage", "cid": "topic_krim_conversion_shuffled-eng", "articles": "[]", "shuffle": false, "forbidden": 36}}, {"model": "recsys_config.modelservice", "pk": 2, "fields": {"name": "contrastive-similarity-prod", "url": "https://eb-ml-pipeline-prod.com/similarity-app/predict/", "health_check_url": "https://eb-ml-pipeline-prod.com/similarity-app/health/"}}, {"model": "recsys_config.modelservice", "pk": 3, "fields": {"name": "tag-article-similarity", "url": "https://eb-ml-pipeline-prod.com/similarity-app-tags/predict/", "health_check_url": "https://eb-ml-pipeline-prod.com/similarity-app-tags/health/"}}, {"model": "recsys_config.modelservice", "pk": 4, "fields": {"name": "recommender-lightfm", "url": "https://eb-ml-pipeline-prod.com/collabfiltapp/predict/", "health_check_url": "https://eb-ml-pipeline-prod.com/collabfiltapp/health/"}}, {"model": "recsys_config.modelservice", "pk": 5, "fields": {"name": "nrms-plus-app-spot", "url": "https://eb-ml-pipeline-prod.com/nrmsplusapp-spot/predict/", "health_check_url": "https://eb-ml-pipeline-prod.com/nrmsplusapp-spot/health/"}}, {"model": "recsys_config.modelservice", "pk": 6, "fields": {"name": "nrms-app-spot", "url": "https://eb-ml-pipeline-prod.com/ebnrmsapp-spot/predict/", "health_check_url": "https://eb-ml-pipeline-prod.com/ebnrmsapp-spot/health/"}}, {"model": "recsys_config.modelservice", "pk": 7, "fields": {"name": "deepfm", "url": "https://newspick2-deepfm.prod.eb-ml-models.com/predict/pull-history", "health_check_url": "https://newspick2-deepfm.prod.eb-ml-models.com/health/"}}, {"model": "recsys_config.modelservice", "pk": 8, "fields": {"name": "nrms", "url": "https://newspick2-nrms-test.prod.eb-ml-models.com/predict/pull-history", "health_check_url": "https://newspick2-nrms-test.prod.eb-ml-models.com/health/"}}, {"model": "recsys_config.modelservice", "pk": 11, "fields": {"name": "vaefc", "url": "https://newspick2-vaefc.prod.eb-ml-models.com/predict/no-history", "health_check_url": "https://newspick2-vaefc.prod.eb-ml-models.com/health/"}}, {"model": "recsys_config.modelservice", "pk": 13, "fields": {"name": "deepfm50", "url": "https://newspick2-deepfm50.prod.eb-ml-models.com/predict/pull-history", "health_check_url": "https://newspick2-deepfm50.prod.eb-ml-models.com/health/"}}, {"model": "recsys_config.modelservice", "pk": 14, "fields": {"name": "vaecf-eb", "url": "https://newspick2-vaecf-eb.prod.eb-ml-models.com/predict/no-history", "health_check_url": "https://newspick2-vaecf-eb.prod.eb-ml-models.com/health/"}}, {"model": "recsys_config.modelservice", "pk": 15, "fields": {"name": "vaecf-eb20", "url": "https://newspick2-vaecf-eb20.prod.eb-ml-models.com/predict/no-history", "health_check_url": "https://newspick2-vaecf-eb20.prod.eb-ml-models.com/health/"}}, {"model": "recsys_config.modelservice", "pk": 16, "fields": {"name": "lightfm-sso", "url": "https://eb-ml-pipeline-prod.com/collabfiltapp_hack/predict-sso/", "health_check_url": "https://eb-ml-pipeline-prod.com/collabfiltapp_hack/health/"}}, {"model": "recsys_config.modelservice", "pk": 17, "fields": {"name": "lightfm-eb20", "url": "https://eb-ml-pipeline-prod.com/collabfiltapp_hack/predict-eb-20/", "health_check_url": "https://eb-ml-pipeline-prod.com/collabfiltapp_hack/health/"}}, {"model": "recsys_config.modelservice", "pk": 18, "fields": {"name": "lightfm-eb", "url": "https://eb-ml-pipeline-prod.com/collabfiltapp_hack/predict-eb/", "health_check_url": "https://eb-ml-pipeline-prod.com/collabfiltapp_hack/health/"}}, {"model": "recsys_config.modelservice", "pk": 19, "fields": {"name": "nrms-nlp", "url": "https://newspick2-nrms-nlp.prod.eb-ml-models.com/predict/pull-history", "health_check_url": "https://newspick2-nrms-nlp.prod.eb-ml-models.com/health/"}}, {"model": "recsys_config.modelservice", "pk": 52, "fields": {"name": "deepfm-con", "url": "https://newspick2-deepfm-con.prod.eb-ml-models.com/predict/pull-history", "health_check_url": "https://newspick2-deepfm-con.prod.eb-ml-models.com/health/"}}, {"model": "recsys_config.modeldefinition", "pk": 2, "fields": {"model": 2, "candidate_list": null, "fallback_model": null, "model_name_postfix": "", "split": 1, "wait_for_reply": true, "use_context": true, "cache_minutes": 180, "candidate_list_limit": 0, "use_user_id": false, "use_global_cache_key": false, "remove_read": false, "remove_exposed": false, "throttling_timeout_sec": 5, "created": "2023-02-28T11:37:49.850Z", "segment_match": 4}}, {"model": "recsys_config.modeldefinition", "pk": 3, "fields": {"model": 3, "candidate_list": null, "fallback_model": null, "model_name_postfix": "", "split": 1, "wait_for_reply": true, "use_context": true, "cache_minutes": 180, "candidate_list_limit": 0, "use_user_id": false, "use_global_cache_key": false, "remove_read": false, "remove_exposed": false, "throttling_timeout_sec": 5, "created": "2023-02-28T11:37:49.850Z", "segment_match": 7}}, {"model": "recsys_config.modeldefinition", "pk": 4, "fields": {"model": 5, "candidate_list": "recsys_candidates_position_1_2_a", "fallback_model": null, "model_name_postfix": "", "split": 1, "wait_for_reply": true, "use_context": false, "cache_minutes": 180, "candidate_list_limit": 400, "use_user_id": true, "use_global_cache_key": false, "remove_read": false, "remove_exposed": true, "throttling_timeout_sec": 5, "created": "2023-02-28T11:37:49.850Z", "segment_match": 26}}, {"model": "recsys_config.modeldefinition", "pk": 5, "fields": {"model": 4, "candidate_list": "mpop-latest-all", "fallback_model": null, "model_name_postfix": "", "split": 1, "wait_for_reply": true, "use_context": false, "cache_minutes": 180, "candidate_list_limit": 0, "use_user_id": true, "use_global_cache_key": false, "remove_read": false, "remove_exposed": false, "throttling_timeout_sec": 5, "created": "2023-02-28T11:37:49.850Z", "segment_match": 9}}, {"model": "recsys_config.modeldefinition", "pk": 6, "fields": {"model": null, "candidate_list": "most-popular-24h", "fallback_model": null, "model_name_postfix": "", "split": 1, "wait_for_reply": true, "use_context": false, "cache_minutes": 180, "candidate_list_limit": 0, "use_user_id": true, "use_global_cache_key": false, "remove_read": false, "remove_exposed": false, "throttling_timeout_sec": 5, "created": "2023-02-28T11:37:49.850Z", "segment_match": 8}}, {"model": "recsys_config.modeldefinition", "pk": 7, "fields": {"model": null, "candidate_list": "PLUS-Most_read_7", "fallback_model": null, "model_name_postfix": "", "split": 1, "wait_for_reply": true, "use_context": false, "cache_minutes": 180, "candidate_list_limit": 0, "use_user_id": true, "use_global_cache_key": false, "remove_read": true, "remove_exposed": true, "throttling_timeout_sec": 5, "created": "2023-02-28T11:37:49.850Z", "segment_match": 10}}, {"model": "recsys_config.modeldefinition", "pk": 8, "fields": {"model": null, "candidate_list": "PLUS-Most_read_30", "fallback_model": null, "model_name_postfix": "", "split": 1, "wait_for_reply": true, "use_context": false, "cache_minutes": 180, "candidate_list_limit": 0, "use_user_id": true, "use_global_cache_key": false, "remove_read": true, "remove_exposed": true, "throttling_timeout_sec": 5, "created": "2023-02-28T11:37:49.850Z", "segment_match": 11}}, {"model": "recsys_config.modeldefinition", "pk": 9, "fields": {"model": null, "candidate_list": "PLUS-Best_sell_30", "fallback_model": null, "model_name_postfix": "", "split": 1, "wait_for_reply": true, "use_context": false, "cache_minutes": 180, "candidate_list_limit": 0, "use_user_id": true, "use_global_cache_key": false, "remove_read": true, "remove_exposed": true, "throttling_timeout_sec": 5, "created": "2023-02-28T11:37:49.850Z", "segment_match": 12}}, {"model": "recsys_config.modeldefinition", "pk": 10, "fields": {"model": null, "candidate_list": "PLUS-Best_sell_7", "fallback_model": null, "model_name_postfix": "", "split": 1, "wait_for_reply": true, "use_context": false, "cache_minutes": 180, "candidate_list_limit": 0, "use_user_id": true, "use_global_cache_key": false, "remove_read": true, "remove_exposed": true, "throttling_timeout_sec": 5, "created": "2023-02-28T11:37:49.850Z", "segment_match": 13}}, {"model": "recsys_config.modeldefinition", "pk": 11, "fields": {"model": null, "candidate_list": "PLUS-New_content_KrimIngenSamliv", "fallback_model": null, "model_name_postfix": "", "split": 1, "wait_for_reply": true, "use_context": false, "cache_minutes": 180, "candidate_list_limit": 0, "use_user_id": true, "use_global_cache_key": false, "remove_read": true, "remove_exposed": true, "throttling_timeout_sec": 5, "created": "2023-02-28T11:37:49.850Z", "segment_match": 14}}, {"model": "recsys_config.modeldefinition", "pk": 12, "fields": {"model": null, "candidate_list": "PLUS-Best_sell_30-shuffled", "fallback_model": null, "model_name_postfix": "", "split": 1, "wait_for_reply": true, "use_context": false, "cache_minutes": 180, "candidate_list_limit": 0, "use_user_id": true, "use_global_cache_key": false, "remove_read": true, "remove_exposed": true, "throttling_timeout_sec": 5, "created": "2023-02-28T11:37:49.850Z", "segment_match": 15}}, {"model": "recsys_config.modeldefinition", "pk": 13, "fields": {"model": null, "candidate_list": "most_read_30_days_premium_by_sections_565", "fallback_model": null, "model_name_postfix": "", "split": 1, "wait_for_reply": true, "use_context": false, "cache_minutes": 180, "candidate_list_limit": 0, "use_user_id": true, "use_global_cache_key": false, "remove_read": true, "remove_exposed": true, "throttling_timeout_sec": 5, "created": "2023-02-28T11:37:49.850Z", "segment_match": 16}}, {"model": "recsys_config.modeldefinition", "pk": 14, "fields": {"model": null, "candidate_list": "most_read_30_days_premium_by_sections_140", "fallback_model": null, "model_name_postfix": "", "split": 1, "wait_for_reply": true, "use_context": false, "cache_minutes": 180, "candidate_list_limit": 0, "use_user_id": true, "use_global_cache_key": false, "remove_read": true, "remove_exposed": true, "throttling_timeout_sec": 5, "created": "2023-02-28T11:37:49.850Z", "segment_match": 17}}, {"model": "recsys_config.modeldefinition", "pk": 15, "fields": {"model": null, "candidate_list": "most_read_30_days_premium_by_sections_142", "fallback_model": null, "model_name_postfix": "", "split": 1, "wait_for_reply": true, "use_context": false, "cache_minutes": 180, "candidate_list_limit": 0, "use_user_id": true, "use_global_cache_key": false, "remove_read": true, "remove_exposed": true, "throttling_timeout_sec": 5, "created": "2023-02-28T11:37:49.850Z", "segment_match": 18}}, {"model": "recsys_config.modeldefinition", "pk": 16, "fields": {"model": null, "candidate_list": "most_read_30_days_premium_by_sections_457_539_529", "fallback_model": null, "model_name_postfix": "", "split": 1, "wait_for_reply": true, "use_context": false, "cache_minutes": 180, "candidate_list_limit": 0, "use_user_id": true, "use_global_cache_key": false, "remove_read": true, "remove_exposed": true, "throttling_timeout_sec": 5, "created": "2023-02-28T11:37:49.850Z", "segment_match": 19}}, {"model": "recsys_config.modeldefinition", "pk": 17, "fields": {"model": null, "candidate_list": "most_read_30_days_premium_by_sections_118_2731", "fallback_model": null, "model_name_postfix": "", "split": 1, "wait_for_reply": true, "use_context": false, "cache_minutes": 180, "candidate_list_limit": 0, "use_user_id": true, "use_global_cache_key": false, "remove_read": true, "remove_exposed": true, "throttling_timeout_sec": 5, "created": "2023-02-28T11:37:49.850Z", "segment_match": 20}}, {"model": "recsys_config.modeldefinition", "pk": 18, "fields": {"model": null, "candidate_list": "most_read_30_days_premium_by_sections_414_498", "fallback_model": null, "model_name_postfix": "", "split": 1, "wait_for_reply": true, "use_context": false, "cache_minutes": 180, "candidate_list_limit": 0, "use_user_id": true, "use_global_cache_key": false, "remove_read": true, "remove_exposed": true, "throttling_timeout_sec": 5, "created": "2023-02-28T11:37:49.850Z", "segment_match": 21}}, {"model": "recsys_config.modeldefinition", "pk": 19, "fields": {"model": 5, "candidate_list": "plus-candidatelist", "fallback_model": null, "model_name_postfix": "-removeExposed", "split": 1, "wait_for_reply": true, "use_context": false, "cache_minutes": 180, "candidate_list_limit": 0, "use_user_id": true, "use_global_cache_key": false, "remove_read": false, "remove_exposed": true, "throttling_timeout_sec": 5, "created": "2023-02-28T11:37:49.850Z", "segment_match": 38}}, {"model": "recsys_config.modeldefinition", "pk": 20, "fields": {"model": 4, "candidate_list": "plus-candidatelist", "fallback_model": null, "model_name_postfix": "-removeExposed", "split": 1, "wait_for_reply": true, "use_context": false, "cache_minutes": 180, "candidate_list_limit": 0, "use_user_id": true, "use_global_cache_key": false, "remove_read": false, "remove_exposed": true, "throttling_timeout_sec": 5, "created": "2023-02-28T11:37:49.850Z", "segment_match": 38}}, {"model": "recsys_config.modeldefinition", "pk": 21, "fields": {"model": 6, "candidate_list": "latest-plus-and-mpop-latest-all", "fallback_model": null, "model_name_postfix": "-scaled", "split": 1, "wait_for_reply": true, "use_context": false, "cache_minutes": 180, "candidate_list_limit": 0, "use_user_id": true, "use_global_cache_key": false, "remove_read": false, "remove_exposed": true, "throttling_timeout_sec": 5, "created": "2023-02-28T11:37:49.850Z", "segment_match": 22}}, {"model": "recsys_config.modeldefinition", "pk": 22, "fields": {"model": 5, "candidate_list": "latest-plus-and-mpop-latest-all", "fallback_model": null, "model_name_postfix": "-scaled", "split": 1, "wait_for_reply": true, "use_context": false, "cache_minutes": 180, "candidate_list_limit": 0, "use_user_id": true, "use_global_cache_key": false, "remove_read": false, "remove_exposed": true, "throttling_timeout_sec": 5, "created": "2023-02-28T11:37:49.850Z", "segment_match": 22}}, {"model": "recsys_config.modeldefinition", "pk": 23, "fields": {"model": 6, "candidate_list": "latest-plus-and-mpop-latest-all", "fallback_model": null, "model_name_postfix": "-removeExposed", "split": 1, "wait_for_reply": true, "use_context": false, "cache_minutes": 180, "candidate_list_limit": 0, "use_user_id": true, "use_global_cache_key": false, "remove_read": false, "remove_exposed": true, "throttling_timeout_sec": 5, "created": "2023-02-28T11:37:49.850Z", "segment_match": 37}}, {"model": "recsys_config.modeldefinition", "pk": 24, "fields": {"model": 5, "candidate_list": "latest-plus-and-mpop-latest-all", "fallback_model": null, "model_name_postfix": "-removeExposed", "split": 1, "wait_for_reply": true, "use_context": false, "cache_minutes": 180, "candidate_list_limit": 0, "use_user_id": true, "use_global_cache_key": false, "remove_read": false, "remove_exposed": true, "throttling_timeout_sec": 5, "created": "2023-02-28T11:37:49.850Z", "segment_match": 37}}, {"model": "recsys_config.modeldefinition", "pk": 25, "fields": {"model": 6, "candidate_list": "plus-candidatelist", "fallback_model": null, "model_name_postfix": "-removeExposed", "split": 1, "wait_for_reply": true, "use_context": false, "cache_minutes": 180, "candidate_list_limit": 0, "use_user_id": true, "use_global_cache_key": false, "remove_read": false, "remove_exposed": true, "throttling_timeout_sec": 5, "created": "2023-02-28T11:37:49.850Z", "segment_match": 23}}, {"model": "recsys_config.modeldefinition", "pk": 26, "fields": {"model": 6, "candidate_list": "plus-candidatelist", "fallback_model": null, "model_name_postfix": "", "split": 1, "wait_for_reply": true, "use_context": false, "cache_minutes": 180, "candidate_list_limit": 0, "use_user_id": true, "use_global_cache_key": false, "remove_read": false, "remove_exposed": false, "throttling_timeout_sec": 5, "created": "2023-02-28T11:37:49.850Z", "segment_match": 23}}, {"model": "recsys_config.modeldefinition", "pk": 27, "fields": {"model": 5, "candidate_list": "recsys_candidates_position_1_2_a", "fallback_model": null, "model_name_postfix": "", "split": 1, "wait_for_reply": true, "use_context": false, "cache_minutes": 720, "candidate_list_limit": 400, "use_user_id": true, "use_global_cache_key": false, "remove_read": false, "remove_exposed": true, "throttling_timeout_sec": 5, "created": "2023-02-28T11:37:49.850Z", "segment_match": 24}}, {"model": "recsys_config.modeldefinition", "pk": 28, "fields": {"model": 6, "candidate_list": "recsys_candidates_position_1_2_5_b", "fallback_model": null, "model_name_postfix": "", "split": 1, "wait_for_reply": true, "use_context": false, "cache_minutes": 720, "candidate_list_limit": 400, "use_user_id": true, "use_global_cache_key": false, "remove_read": false, "remove_exposed": true, "throttling_timeout_sec": 5, "created": "2023-02-28T11:37:49.850Z", "segment_match": 25}}, {"model": "recsys_config.modeldefinition", "pk": 29, "fields": {"model": 5, "candidate_list": "recsys_candidates_position_1_2_a", "fallback_model": null, "model_name_postfix": "", "split": 1, "wait_for_reply": true, "use_context": false, "cache_minutes": 720, "candidate_list_limit": 400, "use_user_id": true, "use_global_cache_key": false, "remove_read": false, "remove_exposed": true, "throttling_timeout_sec": 5, "created": "2023-02-28T11:37:49.850Z", "segment_match": 6}}, {"model": "recsys_config.modeldefinition", "pk": 30, "fields": {"model": 6, "candidate_list": "recsys_candidates_position_1_2_5_b", "fallback_model": null, "model_name_postfix": "", "split": 1, "wait_for_reply": true, "use_context": false, "cache_minutes": 720, "candidate_list_limit": 400, "use_user_id": true, "use_global_cache_key": false, "remove_read": false, "remove_exposed": true, "throttling_timeout_sec": 5, "created": "2023-02-28T11:37:49.850Z", "segment_match": 27}}, {"model": "recsys_config.modeldefinition", "pk": 31, "fields": {"model": 5, "candidate_list": "manual-ids-dina-ricki", "fallback_model": null, "model_name_postfix": "", "split": 1, "wait_for_reply": true, "use_context": false, "cache_minutes": 720, "candidate_list_limit": 300, "use_user_id": true, "use_global_cache_key": false, "remove_read": false, "remove_exposed": true, "throttling_timeout_sec": 5, "created": "2023-02-28T11:37:49.850Z", "segment_match": 28}}, {"model": "recsys_config.modeldefinition", "pk": 32, "fields": {"model": 5, "candidate_list": "recsys_candidates_position_1_2_5_b", "fallback_model": null, "model_name_postfix": "", "split": 1, "wait_for_reply": true, "use_context": false, "cache_minutes": 720, "candidate_list_limit": 0, "use_user_id": true, "use_global_cache_key": false, "remove_read": false, "remove_exposed": true, "throttling_timeout_sec": 5, "created": "2023-02-28T11:37:49.850Z", "segment_match": 29}}, {"model": "recsys_config.modeldefinition", "pk": 33, "fields": {"model": null, "candidate_list": "manual-ids-dina-ricki", "fallback_model": null, "model_name_postfix": "", "split": 1, "wait_for_reply": true, "use_context": false, "cache_minutes": 180, "candidate_list_limit": 0, "use_user_id": true, "use_global_cache_key": false, "remove_read": false, "remove_exposed": false, "throttling_timeout_sec": 5, "created": "2023-02-28T11:37:49.850Z", "segment_match": 30}}, {"model": "recsys_config.modeldefinition", "pk": 34, "fields": {"model": 5, "candidate_list": "recsys_candidates_position_6_a", "fallback_model": null, "model_name_postfix": "", "split": 1, "wait_for_reply": true, "use_context": false, "cache_minutes": 720, "candidate_list_limit": 300, "use_user_id": true, "use_global_cache_key": false, "remove_read": false, "remove_exposed": true, "throttling_timeout_sec": 5, "created": "2023-02-28T11:37:49.850Z", "segment_match": 31}}, {"model": "recsys_config.modeldefinition", "pk": 35, "fields": {"model": 6, "candidate_list": "recsys_candidates_position_6_b", "fallback_model": null, "model_name_postfix": "", "split": 1, "wait_for_reply": true, "use_context": false, "cache_minutes": 720, "candidate_list_limit": 300, "use_user_id": true, "use_global_cache_key": false, "remove_read": false, "remove_exposed": true, "throttling_timeout_sec": 5, "created": "2023-02-28T11:37:49.850Z", "segment_match": 32}}, {"model": "recsys_config.modeldefinition", "pk": 36, "fields": {"model": 5, "candidate_list": "recsys_bag_om_politik", "fallback_model": null, "model_name_postfix": "", "split": 1, "wait_for_reply": true, "use_context": false, "cache_minutes": 720, "candidate_list_limit": 300, "use_user_id": true, "use_global_cache_key": false, "remove_read": false, "remove_exposed": true, "throttling_timeout_sec": 5, "created": "2023-02-28T11:37:49.850Z", "segment_match": 33}}, {"model": "recsys_config.modeldefinition", "pk": 37, "fields": {"model": 5, "candidate_list": "topic_krim_conversion_shuffled-eng", "fallback_model": null, "model_name_postfix": "", "split": 1, "wait_for_reply": true, "use_context": false, "cache_minutes": 720, "candidate_list_limit": 300, "use_user_id": true, "use_global_cache_key": false, "remove_read": false, "remove_exposed": true, "throttling_timeout_sec": 5, "created": "2023-02-28T11:37:49.850Z", "segment_match": 34}}, {"model": "recsys_config.modeldefinition", "pk": 38, "fields": {"model": 5, "candidate_list": "topic_health_body_no_sport_erotics-eng", "fallback_model": null, "model_name_postfix": "", "split": 1, "wait_for_reply": true, "use_context": false, "cache_minutes": 720, "candidate_list_limit": 300, "use_user_id": true, "use_global_cache_key": false, "remove_read": false, "remove_exposed": true, "throttling_timeout_sec": 5, "created": "2023-02-28T11:37:49.850Z", "segment_match": 35}}, {"model": "recsys_config.modeldefinition", "pk": 39, "fields": {"model": 16, "candidate_list": "recsys_candidates_position_1_2_5_b", "fallback_model": null, "model_name_postfix": "", "split": 1, "wait_for_reply": true, "use_context": false, "cache_minutes": 720, "candidate_list_limit": 0, "use_user_id": true, "use_global_cache_key": false, "remove_read": true, "remove_exposed": true, "throttling_timeout_sec": 5, "created": "2023-02-28T11:37:49.850Z", "segment_match": 36}}, {"model": "recsys_config.modeldefinition", "pk": 46, "fields": {"model": 8, "candidate_list": "recsys_candidates_position_6_b", "fallback_model": null, "model_name_postfix": "", "split": 1, "wait_for_reply": true, "use_context": false, "cache_minutes": 720, "candidate_list_limit": 0, "use_user_id": true, "use_global_cache_key": false, "remove_read": true, "remove_exposed": true, "throttling_timeout_sec": 5, "created": "2023-02-28T11:37:49.850Z", "segment_match": 5}}, {"model": "recsys_config.modeldefinition", "pk": 49, "fields": {"model": 19, "candidate_list": "recsys_candidates_position_6_b", "fallback_model": null, "model_name_postfix": "", "split": 1, "wait_for_reply": true, "use_context": false, "cache_minutes": 720, "candidate_list_limit": 0, "use_user_id": true, "use_global_cache_key": false, "remove_read": true, "remove_exposed": true, "throttling_timeout_sec": 5, "created": "2023-02-28T11:37:49.850Z", "segment_match": 5}}, {"model": "recsys_config.modeldefinition", "pk": 54, "fields": {"model": 15, "candidate_list": "recsys_candidates_position_1_2_5_b", "fallback_model": null, "model_name_postfix": "", "split": 1, "wait_for_reply": true, "use_context": false, "cache_minutes": 720, "candidate_list_limit": 0, "use_user_id": true, "use_global_cache_key": false, "remove_read": true, "remove_exposed": true, "throttling_timeout_sec": 5, "created": "2023-02-28T14:06:05.707Z", "segment_match": 36}}, {"model": "recsys_config.modeldefinition", "pk": 55, "fields": {"model": 14, "candidate_list": "recsys_candidates_position_1_2_5_b", "fallback_model": null, "model_name_postfix": "", "split": 1, "wait_for_reply": true, "use_context": false, "cache_minutes": 720, "candidate_list_limit": 0, "use_user_id": true, "use_global_cache_key": false, "remove_read": true, "remove_exposed": true, "throttling_timeout_sec": 5, "created": "2023-02-28T14:06:05.707Z", "segment_match": 36}}, {"model": "recsys_config.modeldefinition", "pk": 56, "fields": {"model": 11, "candidate_list": "recsys_candidates_position_1_2_5_b", "fallback_model": null, "model_name_postfix": "", "split": 1, "wait_for_reply": true, "use_context": false, "cache_minutes": 720, "candidate_list_limit": 0, "use_user_id": true, "use_global_cache_key": false, "remove_read": true, "remove_exposed": true, "throttling_timeout_sec": 5, "created": "2023-02-28T14:06:05.707Z", "segment_match": 36}}, {"model": "recsys_config.modeldefinition", "pk": 57, "fields": {"model": 17, "candidate_list": "recsys_candidates_position_1_2_5_b", "fallback_model": null, "model_name_postfix": "", "split": 1, "wait_for_reply": true, "use_context": false, "cache_minutes": 720, "candidate_list_limit": 0, "use_user_id": true, "use_global_cache_key": false, "remove_read": true, "remove_exposed": true, "throttling_timeout_sec": 5, "created": "2023-02-28T11:37:49.850Z", "segment_match": 36}}, {"model": "recsys_config.modeldefinition", "pk": 58, "fields": {"model": 18, "candidate_list": "recsys_candidates_position_1_2_5_b", "fallback_model": null, "model_name_postfix": "", "split": 1, "wait_for_reply": true, "use_context": false, "cache_minutes": 720, "candidate_list_limit": 0, "use_user_id": true, "use_global_cache_key": false, "remove_read": true, "remove_exposed": true, "throttling_timeout_sec": 5, "created": "2023-02-28T11:37:49.850Z", "segment_match": 36}}, {"model": "recsys_config.modeldefinition", "pk": 59, "fields": {"model": 7, "candidate_list": "recsys_candidates_position_6_b", "fallback_model": null, "model_name_postfix": "", "split": 1, "wait_for_reply": true, "use_context": false, "cache_minutes": 720, "candidate_list_limit": 0, "use_user_id": true, "use_global_cache_key": false, "remove_read": true, "remove_exposed": true, "throttling_timeout_sec": 5, "created": "2023-02-28T14:14:58.321Z", "segment_match": 5}}, {"model": "recsys_config.modeldefinition", "pk": 60, "fields": {"model": 52, "candidate_list": "recsys_candidates_position_6_b", "fallback_model": null, "model_name_postfix": "", "split": 1, "wait_for_reply": true, "use_context": false, "cache_minutes": 720, "candidate_list_limit": 0, "use_user_id": true, "use_global_cache_key": false, "remove_read": true, "remove_exposed": true, "throttling_timeout_sec": 5, "created": "2023-02-28T14:15:10.803Z", "segment_match": 5}}, {"model": "recsys_config.segmentmatch", "pk": 4, "fields": {"name": "Alle brugere", "user_type": "ALL", "relevance_segment": null, "recommender_version": 3}}, {"model": "recsys_config.segmentmatch", "pk": 5, "fields": {"name": "Alle brugere", "user_type": "ALL", "relevance_segment": null, "recommender_version": 37}}, {"model": "recsys_config.segmentmatch", "pk": 6, "fields": {"name": "Alle brugere", "user_type": "ALL", "relevance_segment": null, "recommender_version": 6}}, {"model": "recsys_config.segmentmatch", "pk": 7, "fields": {"name": "Alle brugere", "user_type": "ALL", "relevance_segment": null, "recommender_version": 4}}, {"model": "recsys_config.segmentmatch", "pk": 8, "fields": {"name": "Alle brugere", "user_type": "ALL", "relevance_segment": null, "recommender_version": 5}}, {"model": "recsys_config.segmentmatch", "pk": 9, "fields": {"name": "Alle brugere", "user_type": "ALL", "relevance_segment": null, "recommender_version": 7}}, {"model": "recsys_config.segmentmatch", "pk": 10, "fields": {"name": "Alle brugere", "user_type": "ALL", "relevance_segment": null, "recommender_version": 8}}, {"model": "recsys_config.segmentmatch", "pk": 11, "fields": {"name": "Alle brugere", "user_type": "ALL", "relevance_segment": null, "recommender_version": 9}}, {"model": "recsys_config.segmentmatch", "pk": 12, "fields": {"name": "Alle brugere", "user_type": "ALL", "relevance_segment": null, "recommender_version": 10}}, {"model": "recsys_config.segmentmatch", "pk": 13, "fields": {"name": "Alle brugere", "user_type": "ALL", "relevance_segment": null, "recommender_version": 11}}, {"model": "recsys_config.segmentmatch", "pk": 14, "fields": {"name": "Alle brugere", "user_type": "ALL", "relevance_segment": null, "recommender_version": 12}}, {"model": "recsys_config.segmentmatch", "pk": 15, "fields": {"name": "Alle brugere", "user_type": "ALL", "relevance_segment": null, "recommender_version": 13}}, {"model": "recsys_config.segmentmatch", "pk": 16, "fields": {"name": "Alle brugere", "user_type": "ALL", "relevance_segment": null, "recommender_version": 14}}, {"model": "recsys_config.segmentmatch", "pk": 17, "fields": {"name": "Alle brugere", "user_type": "ALL", "relevance_segment": null, "recommender_version": 15}}, {"model": "recsys_config.segmentmatch", "pk": 18, "fields": {"name": "Alle brugere", "user_type": "ALL", "relevance_segment": null, "recommender_version": 16}}, {"model": "recsys_config.segmentmatch", "pk": 19, "fields": {"name": "Alle brugere", "user_type": "ALL", "relevance_segment": null, "recommender_version": 17}}, {"model": "recsys_config.segmentmatch", "pk": 20, "fields": {"name": "Alle brugere", "user_type": "ALL", "relevance_segment": null, "recommender_version": 18}}, {"model": "recsys_config.segmentmatch", "pk": 21, "fields": {"name": "Alle brugere", "user_type": "ALL", "relevance_segment": null, "recommender_version": 19}}, {"model": "recsys_config.segmentmatch", "pk": 22, "fields": {"name": "Alle brugere", "user_type": "ALL", "relevance_segment": null, "recommender_version": 21}}, {"model": "recsys_config.segmentmatch", "pk": 23, "fields": {"name": "Alle brugere", "user_type": "ALL", "relevance_segment": null, "recommender_version": 23}}, {"model": "recsys_config.segmentmatch", "pk": 24, "fields": {"name": "Alle brugere", "user_type": "ALL", "relevance_segment": null, "recommender_version": 24}}, {"model": "recsys_config.segmentmatch", "pk": 25, "fields": {"name": "Alle brugere", "user_type": "ALL", "relevance_segment": null, "recommender_version": 25}}, {"model": "recsys_config.segmentmatch", "pk": 26, "fields": {"name": "Alle brugere", "user_type": "ALL", "relevance_segment": null, "recommender_version": 26}}, {"model": "recsys_config.segmentmatch", "pk": 27, "fields": {"name": "Alle brugere", "user_type": "ALL", "relevance_segment": null, "recommender_version": 27}}, {"model": "recsys_config.segmentmatch", "pk": 28, "fields": {"name": "Alle brugere", "user_type": "ALL", "relevance_segment": null, "recommender_version": 28}}, {"model": "recsys_config.segmentmatch", "pk": 29, "fields": {"name": "Alle brugere", "user_type": "ALL", "relevance_segment": null, "recommender_version": 29}}, {"model": "recsys_config.segmentmatch", "pk": 30, "fields": {"name": "Alle brugere", "user_type": "ALL", "relevance_segment": null, "recommender_version": 30}}, {"model": "recsys_config.segmentmatch", "pk": 31, "fields": {"name": "Alle brugere", "user_type": "ALL", "relevance_segment": null, "recommender_version": 31}}, {"model": "recsys_config.segmentmatch", "pk": 32, "fields": {"name": "Alle brugere", "user_type": "ALL", "relevance_segment": null, "recommender_version": 32}}, {"model": "recsys_config.segmentmatch", "pk": 33, "fields": {"name": "Alle brugere", "user_type": "ALL", "relevance_segment": null, "recommender_version": 33}}, {"model": "recsys_config.segmentmatch", "pk": 34, "fields": {"name": "Alle brugere", "user_type": "ALL", "relevance_segment": null, "recommender_version": 34}}, {"model": "recsys_config.segmentmatch", "pk": 35, "fields": {"name": "Alle brugere", "user_type": "ALL", "relevance_segment": null, "recommender_version": 35}}, {"model": "recsys_config.segmentmatch", "pk": 36, "fields": {"name": "Alle brugere", "user_type": "ALL", "relevance_segment": null, "recommender_version": 36}}, {"model": "recsys_config.segmentmatch", "pk": 37, "fields": {"name": "Alle brugere", "user_type": "ALL", "relevance_segment": null, "recommender_version": 22}}, {"model": "recsys_config.segmentmatch", "pk": 38, "fields": {"name": "Alle brugere", "user_type": "ALL", "relevance_segment": null, "recommender_version": 20}}, {"model": "recsys_config.recommenderversion", "pk": 3, "fields": {"name": "article-contrastive-similarity-prod", "api_id": "contrastive_artsim_prod", "cache_key": "", "model_selection_timeout_min": 30, "allow_unhealthy": false}}, {"model": "recsys_config.recommenderversion", "pk": 4, "fields": {"name": "article-tag-similarity-context", "api_id": "arttagsim_123_misgattra", "cache_key": "", "model_selection_timeout_min": 30, "allow_unhealthy": false}}, {"model": "recsys_config.recommenderversion", "pk": 5, "fields": {"name": "most-popular-last-24h", "api_id": "mpoppopm", "cache_key": "", "model_selection_timeout_min": 31, "allow_unhealthy": false}}, {"model": "recsys_config.recommenderversion", "pk": 6, "fields": {"name": "manual-ids-recom", "api_id": "mocer-sdi-launam", "cache_key": "whatever", "model_selection_timeout_min": 30, "allow_unhealthy": false}}, {"model": "recsys_config.recommenderversion", "pk": 7, "fields": {"name": "collabfilt-no-cache", "api_id": "collabfilt-nocache", "cache_key": "", "model_selection_timeout_min": 4320, "allow_unhealthy": false}}, {"model": "recsys_config.recommenderversion", "pk": 8, "fields": {"name": "engage-PLUS-Most_read_7", "api_id": "engage-Most_read_7", "cache_key": "", "model_selection_timeout_min": 30, "allow_unhealthy": false}}, {"model": "recsys_config.recommenderversion", "pk": 9, "fields": {"name": "engage-PLUS-Most_read_30", "api_id": "engage-Most_read_30", "cache_key": "", "model_selection_timeout_min": 30, "allow_unhealthy": false}}, {"model": "recsys_config.recommenderversion", "pk": 10, "fields": {"name": "engage-PLUS-Best_sell_30", "api_id": "engage-Best_sell_30", "cache_key": "", "model_selection_timeout_min": 30, "allow_unhealthy": false}}, {"model": "recsys_config.recommenderversion", "pk": 11, "fields": {"name": "engage-PLUS-Best_sell_7", "api_id": "engage-Best_sell_7", "cache_key": "", "model_selection_timeout_min": 30, "allow_unhealthy": false}}, {"model": "recsys_config.recommenderversion", "pk": 12, "fields": {"name": "engage-PLUS-New_content_KrimIngenSamliv", "api_id": "engage-PLUS-New_content_KrimIngenSamliv", "cache_key": "", "model_selection_timeout_min": 30, "allow_unhealthy": false}}, {"model": "recsys_config.recommenderversion", "pk": 13, "fields": {"name": "engage-PLUS-Random-Best_sell_30", "api_id": "engage-Best_sell_30-random", "cache_key": "", "model_selection_timeout_min": 30, "allow_unhealthy": false}}, {"model": "recsys_config.recommenderversion", "pk": 14, "fields": {"name": "new-customer-48h-565", "api_id": "new-customer-48h-565", "cache_key": "", "model_selection_timeout_min": 30, "allow_unhealthy": false}}, {"model": "recsys_config.recommenderversion", "pk": 15, "fields": {"name": "new-customer-48h-140", "api_id": "new-customer-48h-140", "cache_key": "", "model_selection_timeout_min": 30, "allow_unhealthy": false}}, {"model": "recsys_config.recommenderversion", "pk": 16, "fields": {"name": "new-customer-48h-142", "api_id": "new-customer-48h-142", "cache_key": "", "model_selection_timeout_min": 30, "allow_unhealthy": false}}, {"model": "recsys_config.recommenderversion", "pk": 17, "fields": {"name": "new-customer-48h-457_539_529", "api_id": "new-customer-48h-457_539_529", "cache_key": "", "model_selection_timeout_min": 30, "allow_unhealthy": false}}, {"model": "recsys_config.recommenderversion", "pk": 18, "fields": {"name": "new-customer-48h-118_2731", "api_id": "new-customer-48h-118_2731", "cache_key": "", "model_selection_timeout_min": 30, "allow_unhealthy": false}}, {"model": "recsys_config.recommenderversion", "pk": 19, "fields": {"name": "new-customer-48h-414_498", "api_id": "new-customer-48h-414_498", "cache_key": "", "model_selection_timeout_min": 30, "allow_unhealthy": false}}, {"model": "recsys_config.recommenderversion", "pk": 20, "fields": {"name": "recom-plus-section", "api_id": "noitces-sulp-mocer", "cache_key": "+SEC2", "model_selection_timeout_min": 20160, "allow_unhealthy": false}}, {"model": "recsys_config.recommenderversion", "pk": 21, "fields": {"name": "recom-front-free", "api_id": "free-nrms-front", "cache_key": "Freenrms2", "model_selection_timeout_min": 44640, "allow_unhealthy": true}}, {"model": "recsys_config.recommenderversion", "pk": 22, "fields": {"name": "recom-front", "api_id": "sota-rec-week2-front", "cache_key": "PLUSvsFREEEx2", "model_selection_timeout_min": 44640, "allow_unhealthy": true}}, {"model": "recsys_config.recommenderversion", "pk": 23, "fields": {"name": "recom-front-plus", "api_id": "recom-front-plus", "cache_key": "EXPOTES2", "model_selection_timeout_min": 44640, "allow_unhealthy": true}}, {"model": "recsys_config.recommenderversion", "pk": 24, "fields": {"name": "position-1-a", "api_id": "position-1-a", "cache_key": "", "model_selection_timeout_min": 30, "allow_unhealthy": false}}, {"model": "recsys_config.recommenderversion", "pk": 25, "fields": {"name": "position-1-b", "api_id": "position-1-b", "cache_key": "", "model_selection_timeout_min": 30, "allow_unhealthy": false}}, {"model": "recsys_config.recommenderversion", "pk": 26, "fields": {"name": "position-2-a", "api_id": "position-2-a", "cache_key": "", "model_selection_timeout_min": 30, "allow_unhealthy": false}}, {"model": "recsys_config.recommenderversion", "pk": 27, "fields": {"name": "position-2-b", "api_id": "position-2-b", "cache_key": "", "model_selection_timeout_min": 30, "allow_unhealthy": false}}, {"model": "recsys_config.recommenderversion", "pk": 28, "fields": {"name": "position-5-a", "api_id": "position-5-a", "cache_key": "", "model_selection_timeout_min": 30, "allow_unhealthy": false}}, {"model": "recsys_config.recommenderversion", "pk": 29, "fields": {"name": "position-5-b", "api_id": "position-5-b", "cache_key": "", "model_selection_timeout_min": 30, "allow_unhealthy": false}}, {"model": "recsys_config.recommenderversion", "pk": 30, "fields": {"name": "position-5-c", "api_id": "position-5-c", "cache_key": "", "model_selection_timeout_min": 30, "allow_unhealthy": false}}, {"model": "recsys_config.recommenderversion", "pk": 31, "fields": {"name": "position-6-a", "api_id": "position-6-a", "cache_key": "", "model_selection_timeout_min": 30, "allow_unhealthy": false}}, {"model": "recsys_config.recommenderversion", "pk": 32, "fields": {"name": "position-6-b", "api_id": "position-6-b", "cache_key": "", "model_selection_timeout_min": 30, "allow_unhealthy": false}}, {"model": "recsys_config.recommenderversion", "pk": 33, "fields": {"name": "bag-om-politik", "api_id": "bag-om-politik", "cache_key": "", "model_selection_timeout_min": 30, "allow_unhealthy": false}}, {"model": "recsys_config.recommenderversion", "pk": 34, "fields": {"name": "topic-krim", "api_id": "topic-krim", "cache_key": "", "model_selection_timeout_min": 30, "allow_unhealthy": false}}, {"model": "recsys_config.recommenderversion", "pk": 35, "fields": {"name": "topic-health-body", "api_id": "topic-health-body", "cache_key": "", "model_selection_timeout_min": 30, "allow_unhealthy": false}}, {"model": "recsys_config.recommenderversion", "pk": 36, "fields": {"name": "front-position-2", "api_id": "front-position-2", "cache_key": "R1.3", "model_selection_timeout_min": 14400, "allow_unhealthy": true}}, {"model": "recsys_config.recommenderversion", "pk": 37, "fields": {"name": "front-position-3", "api_id": "front-position-3", "cache_key": "R1.1", "model_selection_timeout_min": 14400, "allow_unhealthy": true}}]